<?xml version="1.0" encoding="UTF-8"?>
<beans:beans
	xmlns="http://www.springframework.org/schema/mvc"
	xmlns:mvc="http://www.springframework.org/schema/mvc"
	xmlns:xsi="http://www.w3.org/2001/XMLSchema-instance"
	xmlns:beans="http://www.springframework.org/schema/beans"
	xmlns:context="http://www.springframework.org/schema/context"
	xsi:schemaLocation="http://www.springframework.org/schema/mvc http://www.springframework.org/schema/mvc/spring-mvc.xsd
		http://www.springframework.org/schema/beans http://www.springframework.org/schema/beans/spring-beans.xsd
		http://www.springframework.org/schema/context http://www.springframework.org/schema/context/spring-context.xsd">

<mvc:annotation-driven>
     <mvc:message-converters>
            <beans:bean class="org.springframework.http.converter.StringHttpMessageConverter"/>
            <beans:bean class="org.springframework.http.converter.json.MappingJackson2HttpMessageConverter"/>
   </mvc:message-converters> 
</mvc:annotation-driven>

<context:component-scan base-package="com.cg.controller"></context:component-scan>
	<beans:bean class="org.springframework.web.servlet.view.InternalResourceViewResolver">
		<beans:property name="prefix" value="/WEB-INF/views/"></beans:property>
		<beans:property name="suffix" value=".jsp"></beans:property>
	</beans:bean>
	<beans:bean id="bank" class="com.cg.service.BankServiceImpl"></beans:bean>
	<beans:bean id="bankDao" class="com.cg.dao.BankDaoImpl"></beans:bean>
	<beans:bean id="tService" class="com.cg.service.TransactionServiceImpl"></beans:bean>
	<beans:bean id="tDao" class="com.cg.dao.TransactionDaoImpl"></beans:bean>
</beans:beans>